
{
  "Roots": {
    "Root": [
      {
        "nodeType": "head",
        "name": "人体旗帜",
        "showName": "0$人体旗帜;1$Breakdance;12$Flaga;6$Homme portant un drapeau;4$Hauptflagge;5$Uomo bandiera;7$Bandera;2$マンフラグ;8$Símbolo masculino;9$人體旗幟;10$رجل العَلَم;3$신호수;11$Человек-флаг;13$Adam Bayrağı;14$Mand flag;16$Bendera Utama",
        "robotID": "robot_31551e4d-8658-4ae8-9fa0-63b8a13839a2",
        "id": "actions_636984560963044700",
        "icon": "icon_18",
        "createTime": "636984560963076090"
      },
      {
        "nodeType": "body",
        "index": "1",
        "sportTime": "400",
        "waitTime": "0",
        "idMin": "1",
        "idMinRota": "122",
        "rotas": "1$120;2$120;3$120;4$120;5$120;6$120",
        "show": "1;2;3;4;5;6"
      },
      {
        "nodeType": "body",
        "index": "2",
        "sportTime": "200",
        "waitTime": "0",
        "idMin": "1",
        "idMinRota": "122",
        "rotas": "1$165;2$120;3$120;4$165;5$120;6$120",
        "show": "1;2;3;4;5;6"
      },
      {
        "nodeType": "body",
        "index": "3",
        "sportTime": "200",
        "waitTime": "0",
        "idMin": "1",
        "idMinRota": "122",
        "rotas": "1$165;2$155;3$195;4$165;5$155;6$150",
        "show": "1;2;3;4;5;6"
      },
      {
        "nodeType": "body",
        "index": "4",
        "sportTime": "200",
        "waitTime": "0",
        "idMin": "1",
        "idMinRota": "122",
        "rotas": "1$140;2$165;3$200;4$130;5$155;6$160",
        "show": "1;2;3;4;5;6"
      },
      {
        "nodeType": "body",
        "index": "5",
        "sportTime": "200",
        "waitTime": "0",
        "idMin": "1",
        "idMinRota": "126",
        "rotas": "1$120;2$116;3$120;4$124;5$100;6$170",
        "show": "1;3;6;5"
      },
      {
        "nodeType": "body",
        "index": "6",
        "sportTime": "500",
        "waitTime": "0",
        "idMin": "1",
        "idMinRota": "125",
        "rotas": "1$125;2$116;3$117;4$124;5$130;6$165",
        "show": "1;5;6"
      },
      {
        "nodeType": "body",
        "index": "7",
        "sportTime": "400",
        "waitTime": "0",
        "idMin": "1",
        "idMinRota": "126",
        "rotas": "1$126;2$116;3$117;4$124;5$80;6$180",
        "show": "1;5;6"
      },
      {
        "nodeType": "body",
        "index": "8",
        "sportTime": "500",
        "waitTime": "0",
        "idMin": "1",
        "idMinRota": "125",
        "rotas": "1$125;2$116;3$117;4$124;5$130;6$165",
        "show": "1;5;6"
      },
      {
        "nodeType": "body",
        "index": "9",
        "sportTime": "400",
        "waitTime": "0",
        "idMin": "1",
        "idMinRota": "125",
        "rotas": "1$125;2$116;3$117;4$124;5$80;6$180",
        "show": "1;5;6"
      },
      {
        "nodeType": "body",
        "index": "10",
        "sportTime": "500",
        "waitTime": "0",
        "idMin": "1",
        "idMinRota": "125",
        "rotas": "1$125;2$116;3$117;4$124;5$130;6$165",
        "show": "1;5;6"
      },
      {
        "nodeType": "body",
        "index": "11",
        "sportTime": "400",
        "waitTime": "0",
        "idMin": "1",
        "idMinRota": "125",
        "rotas": "1$125;2$116;3$117;4$124;5$80;6$180",
        "show": "1;5;6"
      },
      {
        "nodeType": "body",
        "index": "12",
        "sportTime": "500",
        "waitTime": "0",
        "idMin": "1",
        "idMinRota": "126",
        "rotas": "1$126;2$116;3$120;4$124;5$140;6$160",
        "show": "1;5;6;3"
      },
      {
        "nodeType": "body",
        "index": "13",
        "sportTime": "400",
        "waitTime": "0",
        "idMin": "1",
        "idMinRota": "125",
        "rotas": "1$125;2$116;3$117;4$124;5$80;6$180",
        "show": "1;5;6"
      },
      {
        "nodeType": "body",
        "index": "14",
        "sportTime": "500",
        "waitTime": "0",
        "idMin": "1",
        "idMinRota": "126",
        "rotas": "1$126;2$116;3$120;4$124;5$140;6$157",
        "show": "1;5;6;3"
      },
      {
        "nodeType": "body",
        "index": "15",
        "sportTime": "600",
        "waitTime": "0",
        "idMin": "1",
        "idMinRota": "126",
        "rotas": "1$126;2$116;3$185;4$124;5$145;6$145",
        "show": "1;5;6;3"
      },
      {
        "nodeType": "body",
        "index": "16",
        "sportTime": "600",
        "waitTime": "0",
        "idMin": "1",
        "idMinRota": "122",
        "rotas": "1$120;2$120;3$120;4$120;5$120;6$120",
        "show": "1;2;3;4;5;6"
      }
    ]
  }
}
