{
  "Roots": {
    "Root": [
      {
        "nodeType": "head",
        "name": "跳舞",
        "showName": "0$跳舞;1$Dance;12$Taniec;6$Danser;4$Tanzen;5$Balla;7$Bailar;2$ダンス;8$Dança;9$跳舞;10$الرقص;3$춤;11$Танец;13$Dans;14$Dans;16$Menari Keren",
        "robotID": "robot_31551e4d-8658-4ae8-9fa0-63b8a13839a2",
        "id": "actions_636971766420645560",
        "icon": "icon_10",
        "createTime": "636971766420654440"
      },
      {
        "nodeType": "body",
        "index": "1",
        "sportTime": "400",
        "waitTime": "0",
        "idMin": "1",
        "idMinRota": "119",
        "rotas": "1$119;2$155;3$119;4$122;5$200;6$122",
        "show": "1;2;3;4;5;6"
      },
      {
        "nodeType": "body",
        "index": "2",
        "sportTime": "400",
        "waitTime": "0",
        "idMin": "1",
        "idMinRota": "119",
        "rotas": "1$119;2$60;3$119;4$121;5$85;6$121",
        "show": "2;4;5;6"
      },
      {
        "nodeType": "body",
        "index": "3",
        "sportTime": "400",
        "waitTime": "0",
        "idMin": "1",
        "idMinRota": "118",
        "rotas": "1$118;2$165;3$46;4$120;5$75;6$197",
        "show": "1;2;3;4;5;6"
      },
      {
        "nodeType": "body",
        "index": "4",
        "sportTime": "400",
        "waitTime": "0",
        "idMin": "1",
        "idMinRota": "119",
        "rotas": "1$119;2$42;3$148;4$120;5$170;6$93",
        "show": "1;2;3;5;6"
      },
      {
        "nodeType": "body",
        "index": "5",
        "sportTime": "400",
        "waitTime": "0",
        "idMin": "1",
        "idMinRota": "118",
        "rotas": "1$118;2$155;3$46;4$120;5$85;6$197",
        "show": "1;2;3;5;6"
      },
      {
        "nodeType": "body",
        "index": "6",
        "sportTime": "500",
        "waitTime": "100",
        "idMin": "1",
        "idMinRota": "118",
        "rotas": "1$118;2$75;3$100;4$119;5$75;6$63",
        "show": "1;2;3;4;5;6"
      },
      {
        "nodeType": "body",
        "index": "7",
        "sportTime": "300",
        "waitTime": "100",
        "idMin": "1",
        "idMinRota": "116",
        "rotas": "1$116;2$165;3$183;4$118;5$165;6$139",
        "show": "1;2;3;4;5;6"
      },
      {
        "nodeType": "body",
        "index": "8",
        "sportTime": "300",
        "waitTime": "100",
        "idMin": "1",
        "idMinRota": "118",
        "rotas": "1$118;2$75;3$100;4$119;5$75;6$63",
        "show": "1;2;3;4;5;6"
      },
      {
        "nodeType": "body",
        "index": "9",
        "sportTime": "300",
        "waitTime": "100",
        "idMin": "1",
        "idMinRota": "116",
        "rotas": "1$116;2$165;3$175;4$118;5$165;6$139",
        "show": "1;2;3;4;5;6"
      },
      {
        "nodeType": "body",
        "index": "10",
        "sportTime": "500",
        "waitTime": "0",
        "idMin": "1",
        "idMinRota": "118",
        "rotas": "1$118;2$165;3$85;4$120;5$75;6$155",
        "show": "1;2;3;4;5;6"
      },
      {
        "nodeType": "body",
        "index": "11",
        "sportTime": "400",
        "waitTime": "0",
        "idMin": "1",
        "idMinRota": "118",
        "rotas": "1$118;2$165;3$46;4$120;5$75;6$197",
        "show": "1;2;3;4;5;6"
      },
      {
        "nodeType": "body",
        "index": "12",
        "sportTime": "400",
        "waitTime": "0",
        "idMin": "1",
        "idMinRota": "119",
        "rotas": "1$119;2$75;3$148;4$120;5$165;6$93",
        "show": "1;2;3;5;6"
      },
      {
        "nodeType": "body",
        "index": "13",
        "sportTime": "400",
        "waitTime": "0",
        "idMin": "1",
        "idMinRota": "118",
        "rotas": "1$118;2$165;3$46;4$120;5$75;6$197",
        "show": "1;2;3;5;6"
      },
      {
        "nodeType": "body",
        "index": "14",
        "sportTime": "400",
        "waitTime": "0",
        "idMin": "1",
        "idMinRota": "119",
        "rotas": "1$119;2$75;3$148;4$120;5$165;6$93",
        "show": "1;2;3;5;6"
      },
      {
        "nodeType": "body",
        "index": "15",
        "sportTime": "400",
        "waitTime": "0",
        "idMin": "1",
        "idMinRota": "157",
        "rotas": "1$157;2$75;3$118;4$157;5$111;6$121",
        "show": "1;3;4;5;6;2"
      },
      {
        "nodeType": "body",
        "index": "16",
        "sportTime": "300",
        "waitTime": "0",
        "idMin": "1",
        "idMinRota": "119",
        "rotas": "1$119;2$75;3$148;4$120;5$165;6$93",
        "show": "1;3;4;5;6;2"
      },
      {
        "nodeType": "body",
        "index": "17",
        "sportTime": "300",
        "waitTime": "0",
        "idMin": "1",
        "idMinRota": "157",
        "rotas": "1$157;2$75;3$118;4$157;5$111;6$121",
        "show": "1;3;4;5;6;2"
      },
      {
        "nodeType": "body",
        "index": "18",
        "sportTime": "300",
        "waitTime": "0",
        "idMin": "1",
        "idMinRota": "119",
        "rotas": "1$119;2$75;3$148;4$120;5$165;6$93",
        "show": "1;3;4;5;6;2"
      },
      {
        "nodeType": "body",
        "index": "19",
        "sportTime": "300",
        "waitTime": "0",
        "idMin": "1",
        "idMinRota": "64",
        "rotas": "1$64;2$115;3$119;4$65;5$165;6$119",
        "show": "1;2;3;4;6;5"
      },
      {
        "nodeType": "body",
        "index": "20",
        "sportTime": "300",
        "waitTime": "0",
        "idMin": "1",
        "idMinRota": "119",
        "rotas": "1$119;2$75;3$148;4$120;5$165;6$93",
        "show": "1;2;3;4;6;5"
      },
      {
        "nodeType": "body",
        "index": "21",
        "sportTime": "300",
        "waitTime": "0",
        "idMin": "1",
        "idMinRota": "64",
        "rotas": "1$64;2$120;3$119;4$65;5$165;6$120",
        "show": "1;2;3;4;6;5"
      },
      {
        "nodeType": "body",
        "index": "22",
        "sportTime": "400",
        "waitTime": "0",
        "idMin": "1",
        "idMinRota": "161",
        "rotas": "1$161;2$165;3$42;4$152;5$75;6$197",
        "show": "1;2;3;4;5;6"
      },
      {
        "nodeType": "body",
        "index": "23",
        "sportTime": "400",
        "waitTime": "0",
        "idMin": "1",
        "idMinRota": "119",
        "rotas": "1$119;2$75;3$148;4$120;5$165;6$93",
        "show": "1;2;3;4;5;6"
      },
      {
        "nodeType": "body",
        "index": "24",
        "sportTime": "400",
        "waitTime": "0",
        "idMin": "1",
        "idMinRota": "96",
        "rotas": "1$96;2$165;3$42;4$85;5$75;6$197",
        "show": "1;2;3;4;5;6"
      },
      {
        "nodeType": "body",
        "index": "25",
        "sportTime": "400",
        "waitTime": "0",
        "idMin": "1",
        "idMinRota": "119",
        "rotas": "1$119;2$75;3$148;4$120;5$165;6$93",
        "show": "1;2;3;4;5;6"
      },
      {
        "nodeType": "body",
        "index": "26",
        "sportTime": "400",
        "waitTime": "0",
        "idMin": "1",
        "idMinRota": "161",
        "rotas": "1$161;2$165;3$42;4$152;5$75;6$197",
        "show": "1;2;3;4;5;6"
      },
      {
        "nodeType": "body",
        "index": "27",
        "sportTime": "300",
        "waitTime": "0",
        "idMin": "1",
        "idMinRota": "96",
        "rotas": "1$96;2$161;3$42;4$85;5$76;6$197",
        "show": "1;2;4"
      },
      {
        "nodeType": "body",
        "index": "28",
        "sportTime": "300",
        "waitTime": "0",
        "idMin": "1",
        "idMinRota": "161",
        "rotas": "1$161;2$162;3$42;4$152;5$76;6$197",
        "show": "1;2;4"
      },
      {
        "nodeType": "body",
        "index": "29",
        "sportTime": "300",
        "waitTime": "0",
        "idMin": "1",
        "idMinRota": "96",
        "rotas": "1$96;2$161;3$42;4$85;5$76;6$197",
        "show": "1;2;4"
      },
      {
        "nodeType": "body",
        "index": "30",
        "sportTime": "300",
        "waitTime": "0",
        "idMin": "1",
        "idMinRota": "161",
        "rotas": "1$161;2$162;3$42;4$152;5$76;6$197",
        "show": "1;2;4"
      },
      {
        "nodeType": "body",
        "index": "31",
        "sportTime": "300",
        "waitTime": "0",
        "idMin": "1",
        "idMinRota": "96",
        "rotas": "1$96;2$161;3$42;4$85;5$76;6$197",
        "show": "1;2;4"
      },
      {
        "nodeType": "body",
        "index": "32",
        "sportTime": "300",
        "waitTime": "0",
        "idMin": "1",
        "idMinRota": "161",
        "rotas": "1$161;2$162;3$42;4$152;5$76;6$197",
        "show": "1;2;4"
      },
      {
        "nodeType": "body",
        "index": "33",
        "sportTime": "300",
        "waitTime": "0",
        "idMin": "1",
        "idMinRota": "96",
        "rotas": "1$96;2$161;3$42;4$85;5$76;6$197",
        "show": "1;2;4;5"
      },
      {
        "nodeType": "body",
        "index": "34",
        "sportTime": "300",
        "waitTime": "0",
        "idMin": "1",
        "idMinRota": "86",
        "rotas": "1$86;2$165;3$119;4$144;5$75;6$121",
        "show": "1;2;3;4;5;6"
      },
      {
        "nodeType": "body",
        "index": "35",
        "sportTime": "300",
        "waitTime": "0",
        "idMin": "1",
        "idMinRota": "119",
        "rotas": "1$119;2$75;3$148;4$120;5$165;6$93",
        "show": "1;2;3;4;5;6"
      },
      {
        "nodeType": "body",
        "index": "36",
        "sportTime": "300",
        "waitTime": "0",
        "idMin": "1",
        "idMinRota": "86",
        "rotas": "1$86;2$165;3$119;4$144;5$76;6$121",
        "show": "1;2;3;4;5;6"
      },
      {
        "nodeType": "body",
        "index": "37",
        "sportTime": "300",
        "waitTime": "0",
        "idMin": "1",
        "idMinRota": "119",
        "rotas": "1$119;2$75;3$148;4$120;5$165;6$93",
        "show": "1;2;3;4;5;6"
      },
      {
        "nodeType": "body",
        "index": "38",
        "sportTime": "300",
        "waitTime": "0",
        "idMin": "1",
        "idMinRota": "86",
        "rotas": "1$86;2$175;3$119;4$144;5$65;6$121",
        "show": "1;2;3;4;5;6"
      },
      {
        "nodeType": "body",
        "index": "39",
        "sportTime": "300",
        "waitTime": "0",
        "idMin": "1",
        "idMinRota": "119",
        "rotas": "1$119;2$75;3$148;4$120;5$165;6$93",
        "show": "1;2;3;4;5;6"
      },
      {
        "nodeType": "body",
        "index": "40",
        "sportTime": "300",
        "waitTime": "0",
        "idMin": "1",
        "idMinRota": "86",
        "rotas": "1$86;2$175;3$119;4$144;5$65;6$121",
        "show": "1;2;3;4;5;6"
      },
      {
        "nodeType": "body",
        "index": "41",
        "sportTime": "300",
        "waitTime": "0",
        "idMin": "1",
        "idMinRota": "119",
        "rotas": "1$119;2$75;3$148;4$120;5$165;6$93",
        "show": "1;2;3;4;5;6"
      },
      {
        "nodeType": "body",
        "index": "42",
        "sportTime": "300",
        "waitTime": "0",
        "idMin": "1",
        "idMinRota": "86",
        "rotas": "1$86;2$175;3$119;4$144;5$65;6$121",
        "show": "1;2;3;4;5;6"
      },
      {
        "nodeType": "body",
        "index": "43",
        "sportTime": "300",
        "waitTime": "0",
        "idMin": "1",
        "idMinRota": "119",
        "rotas": "1$119;2$75;3$148;4$120;5$165;6$93",
        "show": "1;2;3;4;5;6"
      },
      {
        "nodeType": "body",
        "index": "44",
        "sportTime": "300",
        "waitTime": "0",
        "idMin": "1",
        "idMinRota": "119",
        "rotas": "1$119;2$165;3$148;4$120;5$75;6$93",
        "show": "1;2;5"
      },
      {
        "nodeType": "body",
        "index": "45",
        "sportTime": "200",
        "waitTime": "0",
        "idMin": "1",
        "idMinRota": "118",
        "rotas": "1$118;2$120;3$148;4$120;5$120;6$93",
        "show": "1;2;5"
      },
      {
        "nodeType": "body",
        "index": "46",
        "sportTime": "200",
        "waitTime": "0",
        "idMin": "1",
        "idMinRota": "119",
        "rotas": "1$119;2$165;3$148;4$120;5$75;6$93",
        "show": "1;2;5"
      },
      {
        "nodeType": "body",
        "index": "47",
        "sportTime": "200",
        "waitTime": "0",
        "idMin": "1",
        "idMinRota": "118",
        "rotas": "1$118;2$120;3$148;4$120;5$120;6$93",
        "show": "1;2;5"
      },
      {
        "nodeType": "body",
        "index": "48",
        "sportTime": "200",
        "waitTime": "0",
        "idMin": "1",
        "idMinRota": "119",
        "rotas": "1$119;2$165;3$148;4$120;5$75;6$93",
        "show": "1;2;5"
      },
      {
        "nodeType": "body",
        "index": "49",
        "sportTime": "200",
        "waitTime": "0",
        "idMin": "1",
        "idMinRota": "118",
        "rotas": "1$118;2$120;3$148;4$120;5$120;6$93",
        "show": "1;2;5"
      },
      {
        "nodeType": "body",
        "index": "50",
        "sportTime": "200",
        "waitTime": "0",
        "idMin": "1",
        "idMinRota": "119",
        "rotas": "1$119;2$165;3$148;4$120;5$75;6$93",
        "show": "1;2;5"
      },
      {
        "nodeType": "body",
        "index": "51",
        "sportTime": "200",
        "waitTime": "0",
        "idMin": "1",
        "idMinRota": "118",
        "rotas": "1$118;2$120;3$148;4$120;5$120;6$93",
        "show": "1;2;5"
      },
      {
        "nodeType": "body",
        "index": "52",
        "sportTime": "200",
        "waitTime": "0",
        "idMin": "1",
        "idMinRota": "119",
        "rotas": "1$119;2$165;3$148;4$120;5$75;6$93",
        "show": "1;2;5"
      },
      {
        "nodeType": "body",
        "index": "53",
        "sportTime": "200",
        "waitTime": "0",
        "idMin": "1",
        "idMinRota": "118",
        "rotas": "1$118;2$120;3$148;4$120;5$120;6$93",
        "show": "1;2;5"
      },
      {
        "nodeType": "body",
        "index": "54",
        "sportTime": "200",
        "waitTime": "0",
        "idMin": "1",
        "idMinRota": "119",
        "rotas": "1$119;2$165;3$148;4$120;5$75;6$93",
        "show": "1;2;5"
      },
      {
        "nodeType": "body",
        "index": "55",
        "sportTime": "300",
        "waitTime": "0",
        "idMin": "1",
        "idMinRota": "119",
        "rotas": "1$119;2$165;3$148;4$120;5$75;6$93",
        "show": "1;2;5"
      },
      {
        "nodeType": "body",
        "index": "56",
        "sportTime": "300",
        "waitTime": "0",
        "idMin": "1",
        "idMinRota": "122",
        "rotas": "1$122;2$119;3$101;4$125;5$122;6$65",
        "show": "1;3;4;5;6"
      },
      {
        "nodeType": "body",
        "index": "57",
        "sportTime": "300",
        "waitTime": "0",
        "idMin": "1",
        "idMinRota": "115",
        "rotas": "1$115;2$75;3$186;4$119;5$120;6$142",
        "show": "1;2;3;4;6;5"
      },
      {
        "nodeType": "body",
        "index": "58",
        "sportTime": "300",
        "waitTime": "0",
        "idMin": "1",
        "idMinRota": "121",
        "rotas": "1$121;2$120;3$101;4$124;5$165;6$65",
        "show": "1;2;3;4;5;6"
      },
      {
        "nodeType": "body",
        "index": "59",
        "sportTime": "300",
        "waitTime": "0",
        "idMin": "1",
        "idMinRota": "115",
        "rotas": "1$115;2$75;3$175;4$119;5$120;6$120",
        "show": "1;2;3;4;5;6"
      },
      {
        "nodeType": "body",
        "index": "60",
        "sportTime": "300",
        "waitTime": "0",
        "idMin": "1",
        "idMinRota": "121",
        "rotas": "1$121;2$119;3$101;4$124;5$174;6$65",
        "show": "1;2;3;4;5;6"
      },
      {
        "nodeType": "body",
        "index": "61",
        "sportTime": "300",
        "waitTime": "0",
        "idMin": "1",
        "idMinRota": "114",
        "rotas": "1$114;2$108;3$186;4$118;5$165;6$142",
        "show": "1;2;3;4;5;6"
      },
      {
        "nodeType": "body",
        "index": "62",
        "sportTime": "300",
        "waitTime": "0",
        "idMin": "1",
        "idMinRota": "120",
        "rotas": "1$120;2$75;3$99;4$123;5$135;6$65",
        "show": "1;2;3;4;5;6"
      },
      {
        "nodeType": "body",
        "index": "63",
        "sportTime": "300",
        "waitTime": "0",
        "idMin": "1",
        "idMinRota": "114",
        "rotas": "1$114;2$108;3$186;4$118;5$165;6$142",
        "show": "1;2;3;4;5;6"
      },
      {
        "nodeType": "body",
        "index": "64",
        "sportTime": "300",
        "waitTime": "0",
        "idMin": "1",
        "idMinRota": "120",
        "rotas": "1$120;2$75;3$99;4$123;5$132;6$65",
        "show": "1;2;3;4;5;6"
      },
      {
        "nodeType": "body",
        "index": "65",
        "sportTime": "300",
        "waitTime": "0",
        "idMin": "1",
        "idMinRota": "120",
        "rotas": "1$120;2$141;3$90;4$154;5$75;6$65",
        "show": "2;3;4;5"
      },
      {
        "nodeType": "body",
        "index": "66",
        "sportTime": "300",
        "waitTime": "0",
        "idMin": "1",
        "idMinRota": "118",
        "rotas": "1$118;2$141;3$89;4$93;5$165;6$65",
        "show": "1;3;4;5"
      },
      {
        "nodeType": "body",
        "index": "67",
        "sportTime": "300",
        "waitTime": "0",
        "idMin": "1",
        "idMinRota": "120",
        "rotas": "1$120;2$141;3$90;4$154;5$75;6$65",
        "show": "1;3;4;5"
      },
      {
        "nodeType": "body",
        "index": "68",
        "sportTime": "300",
        "waitTime": "0",
        "idMin": "1",
        "idMinRota": "118",
        "rotas": "1$118;2$141;3$89;4$93;5$165;6$65",
        "show": "1;3;4;5"
      },
      {
        "nodeType": "body",
        "index": "69",
        "sportTime": "300",
        "waitTime": "0",
        "idMin": "1",
        "idMinRota": "120",
        "rotas": "1$120;2$141;3$90;4$154;5$75;6$65",
        "show": "1;3;4;5"
      },
      {
        "nodeType": "body",
        "index": "70",
        "sportTime": "300",
        "waitTime": "0",
        "idMin": "1",
        "idMinRota": "118",
        "rotas": "1$118;2$141;3$89;4$93;5$165;6$65",
        "show": "1;3;4;5"
      },
      {
        "nodeType": "body",
        "index": "71",
        "sportTime": "300",
        "waitTime": "0",
        "idMin": "1",
        "idMinRota": "118",
        "rotas": "1$118;2$141;3$89;4$93;5$165;6$65",
        "show": "1;3;4;5"
      },
      {
        "nodeType": "body",
        "index": "72",
        "sportTime": "400",
        "waitTime": "0",
        "idMin": "1",
        "idMinRota": "114",
        "rotas": "1$114;2$108;3$186;4$118;5$165;6$142",
        "show": "1;2;3;4;5;6"
      },
      {
        "nodeType": "body",
        "index": "73",
        "sportTime": "400",
        "waitTime": "0",
        "idMin": "1",
        "idMinRota": "119",
        "rotas": "1$119;2$75;3$98;4$118;5$116;6$160",
        "show": "1;2;3;5;6"
      },
      {
        "nodeType": "body",
        "index": "74",
        "sportTime": "400",
        "waitTime": "0",
        "idMin": "1",
        "idMinRota": "118",
        "rotas": "1$118;2$165;3$181;4$118;5$116;6$160",
        "show": "1;2;3"
      },
      {
        "nodeType": "body",
        "index": "75",
        "sportTime": "400",
        "waitTime": "0",
        "idMin": "1",
        "idMinRota": "119",
        "rotas": "1$119;2$62;3$49;4$118;5$116;6$160",
        "show": "1;2;3"
      },
      {
        "nodeType": "body",
        "index": "76",
        "sportTime": "400",
        "waitTime": "0",
        "idMin": "1",
        "idMinRota": "115",
        "rotas": "1$115;2$165;3$181;4$118;5$116;6$160",
        "show": "1;2;3"
      },
      {
        "nodeType": "body",
        "index": "77",
        "sportTime": "400",
        "waitTime": "0",
        "idMin": "1",
        "idMinRota": "119",
        "rotas": "1$119;2$65;3$49;4$118;5$116;6$160",
        "show": "1;2;3"
      },
      {
        "nodeType": "body",
        "index": "78",
        "sportTime": "400",
        "waitTime": "0",
        "idMin": "1",
        "idMinRota": "115",
        "rotas": "1$115;2$165;3$181;4$118;5$116;6$160",
        "show": "1;2;3"
      },
      {
        "nodeType": "body",
        "index": "79",
        "sportTime": "400",
        "waitTime": "0",
        "idMin": "1",
        "idMinRota": "120",
        "rotas": "1$120;2$124;3$80;4$125;5$116;6$60",
        "show": "1;3;4;6"
      },
      {
        "nodeType": "body",
        "index": "80",
        "sportTime": "400",
        "waitTime": "0",
        "idMin": "1",
        "idMinRota": "119",
        "rotas": "1$119;2$121;3$78;4$125;5$165;6$161",
        "show": "1;2;3;5;6"
      },
      {
        "nodeType": "body",
        "index": "81",
        "sportTime": "400",
        "waitTime": "0",
        "idMin": "1",
        "idMinRota": "120",
        "rotas": "1$120;2$120;3$80;4$125;5$75;6$60",
        "show": "1;2;3;5;6"
      },
      {
        "nodeType": "body",
        "index": "82",
        "sportTime": "400",
        "waitTime": "0",
        "idMin": "1",
        "idMinRota": "119",
        "rotas": "1$119;2$121;3$78;4$125;5$165;6$161",
        "show": "1;2;3;5;6"
      },
      {
        "nodeType": "body",
        "index": "83",
        "sportTime": "400",
        "waitTime": "0",
        "idMin": "1",
        "idMinRota": "120",
        "rotas": "1$120;2$124;3$80;4$125;5$75;6$60",
        "show": "1;2;3;5;6"
      },
      {
        "nodeType": "body",
        "index": "84",
        "sportTime": "400",
        "waitTime": "0",
        "idMin": "1",
        "idMinRota": "119",
        "rotas": "1$119;2$121;3$78;4$125;5$165;6$161",
        "show": "1;2;3;5;6"
      },
      {
        "nodeType": "body",
        "index": "85",
        "sportTime": "400",
        "waitTime": "0",
        "idMin": "1",
        "idMinRota": "120",
        "rotas": "1$120;2$124;3$80;4$125;5$75;6$60",
        "show": "1;2;3;5;6"
      },
      {
        "nodeType": "body",
        "index": "86",
        "sportTime": "400",
        "waitTime": "0",
        "idMin": "1",
        "idMinRota": "123",
        "rotas": "1$123;2$116;3$118;4$123;5$120;6$120",
        "show": "1;2;3;4;5;6"
      },
      {
        "nodeType": "body",
        "index": "87",
        "sportTime": "200",
        "waitTime": "0",
        "idMin": "1",
        "idMinRota": "123",
        "rotas": "1$123;2$155;3$118;4$123;5$85;6$120",
        "show": "2;5"
      },
      {
        "nodeType": "body",
        "index": "88",
        "sportTime": "200",
        "waitTime": "0",
        "idMin": "1",
        "idMinRota": "123",
        "rotas": "1$123;2$120;3$118;4$123;5$120;6$120",
        "show": "2;5"
      },
      {
        "nodeType": "body",
        "index": "89",
        "sportTime": "200",
        "waitTime": "0",
        "idMin": "1",
        "idMinRota": "123",
        "rotas": "1$123;2$155;3$118;4$123;5$85;6$120",
        "show": "2;5"
      },
      {
        "nodeType": "body",
        "index": "90",
        "sportTime": "200",
        "waitTime": "0",
        "idMin": "1",
        "idMinRota": "123",
        "rotas": "1$123;2$116;3$118;4$123;5$120;6$120",
        "show": "2;5"
      },
      {
        "nodeType": "body",
        "index": "91",
        "sportTime": "200",
        "waitTime": "0",
        "idMin": "1",
        "idMinRota": "123",
        "rotas": "1$123;2$155;3$118;4$123;5$85;6$120",
        "show": "2;5"
      },
      {
        "nodeType": "body",
        "index": "92",
        "sportTime": "200",
        "waitTime": "0",
        "idMin": "1",
        "idMinRota": "123",
        "rotas": "1$123;2$116;3$118;4$123;5$120;6$120",
        "show": "2;5"
      },
      {
        "nodeType": "body",
        "index": "93",
        "sportTime": "200",
        "waitTime": "0",
        "idMin": "1",
        "idMinRota": "123",
        "rotas": "1$123;2$155;3$118;4$123;5$85;6$120",
        "show": "2;5"
      },
      {
        "nodeType": "body",
        "index": "94",
        "sportTime": "800",
        "waitTime": "0",
        "idMin": "1",
        "idMinRota": "123",
        "rotas": "1$123;2$75;3$118;4$123;5$165;6$120",
        "show": "2;5"
      },
      {
        "nodeType": "body",
        "index": "95",
        "sportTime": "400",
        "waitTime": "0",
        "idMin": "1",
        "idMinRota": "123",
        "rotas": "1$123;2$75;3$118;4$123;5$165;6$120",
        "show": "2;5"
      },
      {
        "nodeType": "body",
        "index": "96",
        "sportTime": "400",
        "waitTime": "0",
        "idMin": "1",
        "idMinRota": "123",
        "rotas": "1$123;2$120;3$118;4$123;5$120;6$120",
        "show": "2;5"
      }
    ]
  }
}
