{
  "Roots": {
    "Root": [
      {
        "nodeType": "head",
        "name": "打招呼",
        "showName": "0$打招呼;1$Greeting;12$Pozdrowienie;6$Saluer;4$Begrüßung;5$Saluta;7$Saludo;2$挨拶する;8$Cumprimentar;9$打招呼;10$التحية;3$인사;11$Приветствие;13$Selamlama;14$Hils;16$Halo",
        "robotID": "robot_31551e4d-8658-4ae8-9fa0-63b8a13839a2",
        "id": "actions_636987953875726290",
        "icon": "icon_14",
        "createTime": "636987953875740680"
      },
      {
        "nodeType": "body",
        "index": "1",
        "sportTime": "300",
        "waitTime": "0",
        "idMin": "1",
        "idMinRota": "120",
        "rotas": "1$120;2$120;3$180;4$120;5$120;6$120",
        "show": "2;3"
      },
      {
        "nodeType": "body",
        "index": "2",
        "sportTime": "300",
        "waitTime": "0",
        "idMin": "1",
        "idMinRota": "120",
        "rotas": "1$120;2$185;3$180;4$120;5$120;6$120",
        "show": "2;3"
      },
      {
        "nodeType": "body",
        "index": "3",
        "sportTime": "300",
        "waitTime": "0",
        "idMin": "1",
        "idMinRota": "120",
        "rotas": "1$120;2$120;3$180;4$120;5$120;6$120",
        "show": "2;3"
      },
      {
        "nodeType": "body",
        "index": "4",
        "sportTime": "300",
        "waitTime": "0",
        "idMin": "1",
        "idMinRota": "120",
        "rotas": "1$120;2$185;3$180;4$120;5$120;6$120",
        "show": "2;3"
      },
      {
        "nodeType": "body",
        "index": "5",
        "sportTime": "300",
        "waitTime": "0",
        "idMin": "1",
        "idMinRota": "120",
        "rotas": "1$120;2$120;3$180;4$120;5$120;6$120",
        "show": "2;3"
      },
      {
        "nodeType": "body",
        "index": "6",
        "sportTime": "300",
        "waitTime": "0",
        "idMin": "1",
        "idMinRota": "120",
        "rotas": "1$120;2$185;3$180;4$120;5$120;6$120",
        "show": "2;3"
      },
      {
        "nodeType": "body",
        "index": "7",
        "sportTime": "300",
        "waitTime": "0",
        "idMin": "1",
        "idMinRota": "120",
        "rotas": "1$120;2$120;3$180;4$120;5$120;6$120",
        "show": "2;3"
      },
      {
        "nodeType": "body",
        "index": "8",
        "sportTime": "1000",
        "waitTime": "0",
        "idMin": "1",
        "idMinRota": "120",
        "rotas": "1$120;2$120;3$180;4$120;5$120;6$120",
        "show": "2;3"
      },
      {
        "nodeType": "body",
        "index": "9",
        "sportTime": "400",
        "waitTime": "0",
        "idMin": "1",
        "idMinRota": "120",
        "rotas": "1$120;2$120;3$120;4$120;5$120;6$120",
        "show": "2;3"
      }
    ]
  }
}
