{
  "Roots": {
    "Root": [
      {
        "nodeType": "head",
        "name": "高兴",
        "showName": "0$高兴;1$Happy;12$Szczęśliwy;6$Joyeux;4$Glücklich;5$Felice;7$Feliz;2$幸せ;8$Feliz;9$高興;10$سعيد;3$즐거움;11$Счастливый;13$Mutlu;14$Glad;16$Senang",
        "robotID": "robot_31551e4d-8658-4ae8-9fa0-63b8a13839a2",
        "id": "actions_636930197550579060",
        "icon": "icon_20",
        "createTime": "636930197550585390"
      },
      {
        "nodeType": "body",
        "index": "1",
        "sportTime": "400",
        "waitTime": "0",
        "idMin": "1",
        "idMinRota": "121",
        "rotas": "1$120;2$120;3$120;4$120;5$120;6$120",
        "show": "1;2;3;4;5;6"
      },
      {
        "nodeType": "body",
        "index": "2",
        "sportTime": "400",
        "waitTime": "0",
        "idMin": "1",
        "idMinRota": "121",
        "rotas": "1$121;2$165;3$131;4$123;5$165;6$183",
        "show": "1;2;3;4;5;6"
      },
      {
        "nodeType": "body",
        "index": "3",
        "sportTime": "400",
        "waitTime": "0",
        "idMin": "1",
        "idMinRota": "120",
        "rotas": "1$120;2$75;3$55;4$120;5$75;6$107",
        "show": "1;2;3;4;5;6"
      },
      {
        "nodeType": "body",
        "index": "4",
        "sportTime": "400",
        "waitTime": "0",
        "idMin": "1",
        "idMinRota": "121",
        "rotas": "1$121;2$165;3$131;4$123;5$165;6$183",
        "show": "1;2;3;4;5;6"
      },
      {
        "nodeType": "body",
        "index": "5",
        "sportTime": "400",
        "waitTime": "0",
        "idMin": "1",
        "idMinRota": "120",
        "rotas": "1$120;2$75;3$55;4$120;5$75;6$107",
        "show": "1;2;3;4;5;6"
      },
      {
        "nodeType": "body",
        "index": "6",
        "sportTime": "400",
        "waitTime": "0",
        "idMin": "1",
        "idMinRota": "121",
        "rotas": "1$121;2$165;3$131;4$120;5$165;6$183",
        "show": "1;2;3;4;5;6"
      },
      {
        "nodeType": "body",
        "index": "7",
        "sportTime": "400",
        "waitTime": "0",
        "idMin": "1",
        "idMinRota": "120",
        "rotas": "1$120;2$75;3$55;4$120;5$75;6$107",
        "show": "1;2;3;4;5;6"
      },
      {
        "nodeType": "body",
        "index": "8",
        "sportTime": "400",
        "waitTime": "0",
        "idMin": "1",
        "idMinRota": "121",
        "rotas": "1$121;2$165;3$131;4$123;5$165;6$183",
        "show": "1;2;3;4;5;6"
      },
      {
        "nodeType": "body",
        "index": "9",
        "sportTime": "400",
        "waitTime": "0",
        "idMin": "1",
        "idMinRota": "120",
        "rotas": "1$120;2$75;3$55;4$120;5$75;6$107",
        "show": "1;2;3;4;5;6"
      },
      {
        "nodeType": "body",
        "index": "10",
        "sportTime": "400",
        "waitTime": "0",
        "idMin": "1",
        "idMinRota": "120",
        "rotas": "1$120;2$75;3$42;4$118;5$165;6$195",
        "show": "2;3;4;5;6"
      },
      {
        "nodeType": "body",
        "index": "11",
        "sportTime": "300",
        "waitTime": "0",
        "idMin": "1",
        "idMinRota": "120",
        "rotas": "1$120;2$165;3$41;4$118;5$75;6$195",
        "show": "2;5"
      },
      {
        "nodeType": "body",
        "index": "12",
        "sportTime": "300",
        "waitTime": "0",
        "idMin": "1",
        "idMinRota": "120",
        "rotas": "1$120;2$90;3$41;4$118;5$150;6$195",
        "show": "2;5"
      },
      {
        "nodeType": "body",
        "index": "13",
        "sportTime": "300",
        "waitTime": "0",
        "idMin": "1",
        "idMinRota": "120",
        "rotas": "1$120;2$165;3$41;4$118;5$75;6$195",
        "show": "2;5"
      },
      {
        "nodeType": "body",
        "index": "14",
        "sportTime": "300",
        "waitTime": "0",
        "idMin": "1",
        "idMinRota": "120",
        "rotas": "1$120;2$100;3$41;4$118;5$140;6$195",
        "show": "2;5"
      },
      {
        "nodeType": "body",
        "index": "15",
        "sportTime": "300",
        "waitTime": "0",
        "idMin": "1",
        "idMinRota": "120",
        "rotas": "1$120;2$165;3$41;4$118;5$75;6$195",
        "show": "2;5"
      },
      {
        "nodeType": "body",
        "index": "16",
        "sportTime": "300",
        "waitTime": "0",
        "idMin": "1",
        "idMinRota": "120",
        "rotas": "1$120;2$100;3$41;4$118;5$140;6$195",
        "show": "2;5"
      },
      {
        "nodeType": "body",
        "index": "17",
        "sportTime": "300",
        "waitTime": "0",
        "idMin": "1",
        "idMinRota": "120",
        "rotas": "1$120;2$165;3$41;4$118;5$75;6$195",
        "show": "2;5"
      },
      {
        "nodeType": "body",
        "index": "18",
        "sportTime": "300",
        "waitTime": "0",
        "idMin": "1",
        "idMinRota": "121",
        "rotas": "1$121;2$115;3$118;4$120;5$116;6$118",
        "show": "1;2;3;4;5;6"
      }
    ]
  }
}
