{
  "Roots": {
    "Root": [
      {
        "nodeType": "head",
        "name": "功夫",
        "showName": "0$功夫;1$Kung Fu;12$Kung Fu;6$Kung Fu;4$Kung Fu;5$Kung Fu;7$Kung fu;2$カンフー;8$Kung Fu;9$功夫;10$رياضة الكونج فو;3$쿵푸;11$кунг Фу;13$Kung fu;14$Kung Fu;16$Kung Fu;15$กังฟู",
        "robotID": "robot_31551e4d-8658-4ae8-9fa0-63b8a13839a2",
        "id": "actions_636985495324321380",
        "icon": "icon_31",
        "createTime": "636985495324339410"
      },
      {
        "nodeType": "body",
        "index": "1",
        "sportTime": "1500",
        "waitTime": "0",
        "idMin": "1",
        "idMinRota": "120",
        "rotas": "1$120;2$85;3$205;4$120;5$120;6$110",
        "show": "3;2;6"
      },
      {
        "nodeType": "body",
        "index": "2",
        "sportTime": "120",
        "waitTime": "0",
        "idMin": "1",
        "idMinRota": "120",
        "rotas": "1$120;2$85;3$205;4$120;5$120;6$110",
        "show": "3;2;6"
      },
      {
        "nodeType": "body",
        "index": "3",
        "sportTime": "400",
        "waitTime": "0",
        "idMin": "1",
        "idMinRota": "120",
        "rotas": "1$120;2$155;3$65;4$120;5$155;6$165",
        "show": "3;2;6;5;4;1"
      },
      {
        "nodeType": "body",
        "index": "4",
        "sportTime": "600",
        "waitTime": "0",
        "idMin": "1",
        "idMinRota": "120",
        "rotas": "1$120;2$140;3$65;4$120;5$85;6$55",
        "show": "3;2;6;5;4;1"
      },
      {
        "nodeType": "body",
        "index": "5",
        "sportTime": "200",
        "waitTime": "0",
        "idMin": "1",
        "idMinRota": "120",
        "rotas": "1$120;2$155;3$55;4$120;5$155;6$185",
        "show": "3;2;6;5;4;1"
      },
      {
        "nodeType": "body",
        "index": "6",
        "sportTime": "600",
        "waitTime": "0",
        "idMin": "1",
        "idMinRota": "120",
        "rotas": "1$120;2$140;3$65;4$120;5$85;6$55",
        "show": "3;2;6;5;4;1"
      },
      {
        "nodeType": "body",
        "index": "7",
        "sportTime": "200",
        "waitTime": "0",
        "idMin": "1",
        "idMinRota": "120",
        "rotas": "1$120;2$155;3$55;4$120;5$155;6$185",
        "show": "3;2;6;5;4;1"
      },
      {
        "nodeType": "body",
        "index": "8",
        "sportTime": "400",
        "waitTime": "0",
        "idMin": "1",
        "idMinRota": "120",
        "rotas": "1$120;2$90;3$85;4$120;5$155;6$45",
        "show": "3;2;6;5;4;1"
      },
      {
        "nodeType": "body",
        "index": "9",
        "sportTime": "400",
        "waitTime": "0",
        "idMin": "1",
        "idMinRota": "120",
        "rotas": "1$120;2$120;3$120;4$120;5$120;6$120",
        "show": "3;6;2;5"
      },
      {
        "nodeType": "body",
        "index": "10",
        "sportTime": "200",
        "waitTime": "0",
        "idMin": "1",
        "idMinRota": "120",
        "rotas": "1$165;2$155;3$120;4$75;5$155;6$120",
        "show": "4;1;5;2"
      },
      {
        "nodeType": "body",
        "index": "11",
        "sportTime": "200",
        "waitTime": "0",
        "idMin": "1",
        "idMinRota": "120",
        "rotas": "1$75;2$85;3$120;4$165;5$85;6$120",
        "show": "4;1;2;5"
      },
      {
        "nodeType": "body",
        "index": "12",
        "sportTime": "200",
        "waitTime": "0",
        "idMin": "1",
        "idMinRota": "120",
        "rotas": "1$165;2$155;3$120;4$75;5$155;6$120",
        "show": "4;1;2;5"
      },
      {
        "nodeType": "body",
        "index": "13",
        "sportTime": "200",
        "waitTime": "0",
        "idMin": "1",
        "idMinRota": "120",
        "rotas": "1$120;2$85;3$120;4$120;5$155;6$120",
        "show": "4;1;2;5"
      },
      {
        "nodeType": "body",
        "index": "14",
        "sportTime": "600",
        "waitTime": "0",
        "idMin": "1",
        "idMinRota": "120",
        "rotas": "1$120;2$170;3$70;4$120;5$70;6$170",
        "show": "3;6;2;5"
      },
      {
        "nodeType": "body",
        "index": "15",
        "sportTime": "300",
        "waitTime": "0",
        "idMin": "1",
        "idMinRota": "120",
        "rotas": "1$120;2$70;3$170;4$120;5$170;6$70",
        "show": "3;6;2;5"
      },
      {
        "nodeType": "body",
        "index": "16",
        "sportTime": "600",
        "waitTime": "0",
        "idMin": "1",
        "idMinRota": "120",
        "rotas": "1$120;2$170;3$70;4$120;5$70;6$170",
        "show": "3;6;2;5"
      },
      {
        "nodeType": "body",
        "index": "17",
        "sportTime": "300",
        "waitTime": "0",
        "idMin": "1",
        "idMinRota": "120",
        "rotas": "1$120;2$70;3$170;4$120;5$170;6$70",
        "show": "3;6;2;5"
      },
      {
        "nodeType": "body",
        "index": "18",
        "sportTime": "360",
        "waitTime": "0",
        "idMin": "1",
        "idMinRota": "120",
        "rotas": "1$120;2$120;3$120;4$120;5$120;6$120",
        "show": "3;6;2;5"
      },
      {
        "nodeType": "body",
        "index": "19",
        "sportTime": "1500",
        "waitTime": "0",
        "idMin": "1",
        "idMinRota": "120",
        "rotas": "1$120;2$120;3$120;4$120;5$155;6$30",
        "show": "5;6"
      },
      {
        "nodeType": "body",
        "index": "20",
        "sportTime": "120",
        "waitTime": "0",
        "idMin": "1",
        "idMinRota": "120",
        "rotas": "1$120;2$120;3$120;4$120;5$155;6$30",
        "show": "5;6"
      },
      {
        "nodeType": "body",
        "index": "21",
        "sportTime": "400",
        "waitTime": "0",
        "idMin": "1",
        "idMinRota": "120",
        "rotas": "1$120;2$85;3$185;4$130;5$85;6$185",
        "show": "5;6;4;3;2;1"
      },
      {
        "nodeType": "body",
        "index": "22",
        "sportTime": "200",
        "waitTime": "0",
        "idMin": "1",
        "idMinRota": "120",
        "rotas": "1$120;2$85;3$65;4$130;5$100;6$175",
        "show": "5;6;4;3;2;1"
      },
      {
        "nodeType": "body",
        "index": "23",
        "sportTime": "600",
        "waitTime": "0",
        "idMin": "1",
        "idMinRota": "120",
        "rotas": "1$120;2$155;3$195;4$130;5$85;6$185",
        "show": "5;6;4;3;2;1"
      },
      {
        "nodeType": "body",
        "index": "24",
        "sportTime": "200",
        "waitTime": "0",
        "idMin": "1",
        "idMinRota": "120",
        "rotas": "1$120;2$85;3$65;4$130;5$100;6$175",
        "show": "5;6;4;3;2;1"
      },
      {
        "nodeType": "body",
        "index": "25",
        "sportTime": "600",
        "waitTime": "0",
        "idMin": "1",
        "idMinRota": "120",
        "rotas": "1$120;2$155;3$195;4$130;5$85;6$185",
        "show": "5;6;4;3;2;1"
      },
      {
        "nodeType": "body",
        "index": "26",
        "sportTime": "400",
        "waitTime": "0",
        "idMin": "1",
        "idMinRota": "120",
        "rotas": "1$120;2$155;3$195;4$130;5$155;6$160",
        "show": "5;6;4;3;2;1"
      },
      {
        "nodeType": "body",
        "index": "27",
        "sportTime": "400",
        "waitTime": "0",
        "idMin": "1",
        "idMinRota": "120",
        "rotas": "1$120;2$120;3$120;4$120;5$120;6$120",
        "show": "3;6;2;5"
      },
      {
        "nodeType": "body",
        "index": "28",
        "sportTime": "200",
        "waitTime": "0",
        "idMin": "1",
        "idMinRota": "120",
        "rotas": "1$165;2$85;3$120;4$75;5$85;6$120",
        "show": "4;1;5;2"
      },
      {
        "nodeType": "body",
        "index": "29",
        "sportTime": "200",
        "waitTime": "0",
        "idMin": "1",
        "idMinRota": "120",
        "rotas": "1$75;2$155;3$120;4$165;5$155;6$120",
        "show": "4;1;5;2"
      },
      {
        "nodeType": "body",
        "index": "30",
        "sportTime": "200",
        "waitTime": "0",
        "idMin": "1",
        "idMinRota": "120",
        "rotas": "1$165;2$85;3$120;4$75;5$85;6$120",
        "show": "4;1;2;5"
      },
      {
        "nodeType": "body",
        "index": "31",
        "sportTime": "200",
        "waitTime": "0",
        "idMin": "1",
        "idMinRota": "120",
        "rotas": "1$120;2$155;3$120;4$120;5$155;6$120",
        "show": "4;1;2;5"
      },
      {
        "nodeType": "body",
        "index": "32",
        "sportTime": "600",
        "waitTime": "0",
        "idMin": "1",
        "idMinRota": "120",
        "rotas": "1$120;2$155;3$70;4$120;5$85;6$170",
        "show": "3;6;2;5"
      },
      {
        "nodeType": "body",
        "index": "33",
        "sportTime": "300",
        "waitTime": "0",
        "idMin": "1",
        "idMinRota": "120",
        "rotas": "1$120;2$85;3$170;4$120;5$155;6$70",
        "show": "3;6;2;5"
      },
      {
        "nodeType": "body",
        "index": "34",
        "sportTime": "600",
        "waitTime": "0",
        "idMin": "1",
        "idMinRota": "120",
        "rotas": "1$120;2$155;3$70;4$120;5$85;6$170",
        "show": "3;6;2;5"
      },
      {
        "nodeType": "body",
        "index": "35",
        "sportTime": "200",
        "waitTime": "0",
        "idMin": "1",
        "idMinRota": "120",
        "rotas": "1$120;2$85;3$170;4$120;5$155;6$70",
        "show": "3;6;2;5"
      },
      {
        "nodeType": "body",
        "index": "36",
        "sportTime": "200",
        "waitTime": "0",
        "idMin": "1",
        "idMinRota": "120",
        "rotas": "1$120;2$155;3$120;4$120;5$155;6$180",
        "show": "3;6;2;5"
      },
      {
        "nodeType": "body",
        "index": "37",
        "sportTime": "200",
        "waitTime": "0",
        "idMin": "1",
        "idMinRota": "120",
        "rotas": "1$120;2$85;3$85;4$120;5$85;6$120",
        "show": "3;6;2;5"
      },
      {
        "nodeType": "body",
        "index": "38",
        "sportTime": "1000",
        "waitTime": "0",
        "idMin": "1",
        "idMinRota": "120",
        "rotas": "1$120;2$85;3$120;4$120;5$155;6$120",
        "show": "3;6;2;5"
      },
      {
        "nodeType": "body",
        "index": "39",
        "sportTime": "400",
        "waitTime": "0",
        "idMin": "1",
        "idMinRota": "120",
        "rotas": "1$120;2$120;3$120;4$120;5$120;6$120",
        "show": "3;6;2;5"
      }
    ]
  }
}
