{
  "Roots": {
    "Root": [
      {
        "nodeType": "head",
        "name": "后退",
        "showName": "0$后退;1$Move Backward;12$Odsuń się;6$Reculer;4$Sich rückwärts bewegen;5$Vai indietro;7$Retroceder;2$後ろへ下がる;8$Afastar;9$後退;10$تراجع;3$후퇴;11$Отойти;13$Geri Çekil;14$Gå væk;16$Mundur;15$ถอยหลัง",
        "robotID": "robot_31551e4d-8658-4ae8-9fa0-63b8a13839a2",
        "id": "actions_636928422793910270",
        "icon": "icon_2",
        "createTime": "636945758740157352"
      },
      {
        "nodeType": "body",
        "index": "1",
        "sportTime": "400",
        "waitTime": "0",
        "idMin": "1",
        "idMinRota": "120",
        "rotas": "1$120;2$121;3$117;4$121;5$120;6$121",
        "show": "2;3;4;6"
      },
      {
        "nodeType": "body",
        "index": "2",
        "sportTime": "400",
        "waitTime": "0",
        "idMin": "1",
        "idMinRota": "116",
        "rotas": "1$116;2$175;3$177;4$117;5$175;6$144",
        "show": "1;2;3;4;5;6"
      },
      {
        "nodeType": "body",
        "index": "3",
        "sportTime": "400",
        "waitTime": "0",
        "idMin": "1",
        "idMinRota": "143",
        "rotas": "1$143;2$120;3$117;4$142;5$120;6$120",
        "show": "1;2;3;4;5;6"
      },
      {
        "nodeType": "body",
        "index": "4",
        "sportTime": "400",
        "waitTime": "0",
        "idMin": "1",
        "idMinRota": "120",
        "rotas": "1$120;2$65;3$94;4$120;5$85;6$60",
        "show": "1;2;3;4;5;6"
      },
      {
        "nodeType": "body",
        "index": "5",
        "sportTime": "400",
        "waitTime": "0",
        "idMin": "1",
        "idMinRota": "95",
        "rotas": "1$95;2$120;3$120;4$95;5$120;6$119",
        "show": "1;2;3;4;5;6"
      },
      {
        "nodeType": "body",
        "index": "6",
        "sportTime": "400",
        "waitTime": "0",
        "idMin": "1",
        "idMinRota": "116",
        "rotas": "1$116;2$175;3$177;4$117;5$175;6$144",
        "show": "1;2;3;4;5;6"
      },
      {
        "nodeType": "body",
        "index": "7",
        "sportTime": "400",
        "waitTime": "0",
        "idMin": "1",
        "idMinRota": "145",
        "rotas": "1$145;2$120;3$117;4$145;5$120;6$120",
        "show": "1;2;3;4;5;6"
      },
      {
        "nodeType": "body",
        "index": "8",
        "sportTime": "400",
        "waitTime": "0",
        "idMin": "1",
        "idMinRota": "120",
        "rotas": "1$120;2$65;3$94;4$120;5$85;6$60",
        "show": "1;2;3;4;5;6"
      },
      {
        "nodeType": "body",
        "index": "9",
        "sportTime": "400",
        "waitTime": "0",
        "idMin": "1",
        "idMinRota": "95",
        "rotas": "1$95;2$120;3$120;4$95;5$120;6$119",
        "show": "1;2;3;4;5;6"
      },
      {
        "nodeType": "body",
        "index": "10",
        "sportTime": "400",
        "waitTime": "0",
        "idMin": "1",
        "idMinRota": "120",
        "rotas": "1$120;2$175;3$177;4$120;5$155;6$145",
        "show": "1;2;3;4;5;6"
      },
      {
        "nodeType": "body",
        "index": "11",
        "sportTime": "400",
        "waitTime": "0",
        "idMin": "1",
        "idMinRota": "143",
        "rotas": "1$143;2$120;3$117;4$142;5$120;6$120",
        "show": "1;2;3;4;5;6"
      },
      {
        "nodeType": "body",
        "index": "12",
        "sportTime": "400",
        "waitTime": "0",
        "idMin": "1",
        "idMinRota": "120",
        "rotas": "1$120;2$65;3$95;4$120;5$65;6$60",
        "show": "1;2;3;4;5;6"
      },
      {
        "nodeType": "body",
        "index": "13",
        "sportTime": "400",
        "waitTime": "0",
        "idMin": "1",
        "idMinRota": "95",
        "rotas": "1$95;2$120;3$120;4$95;5$120;6$120",
        "show": "1;2;3;4;5;6"
      },
      {
        "nodeType": "body",
        "index": "14",
        "sportTime": "400",
        "waitTime": "0",
        "idMin": "1",
        "idMinRota": "120",
        "rotas": "1$120;2$175;3$177;4$120;5$155;6$145",
        "show": "1;2;3;4;5;6"
      },
      {
        "nodeType": "body",
        "index": "15",
        "sportTime": "400",
        "waitTime": "0",
        "idMin": "1",
        "idMinRota": "120",
        "rotas": "1$120;2$120;3$120;4$120;5$120;6$120",
        "show": "1;2;3;4;5;6"
      }
    ]
  }
}
