{
  "Roots": {
    "Root": [
      {
        "nodeType": "head",
        "name": "待命",
        "showName": "0$待命;1$Stand By;12$czekaj;6$Attendre;4$warten;5$Sospendere;7$Esperar;2$ スタンバイ;8$Aguardar;9$預備;10$استعد;3$대기;11$ожидать;13$Bekleme;14$Afvent;16$Siap",
        "robotID": "robot_31551e4d-8658-4ae8-9fa0-63b8a13839a2",
        "id": "actions_636945758740151290",
        "icon": "icon_9",
        "createTime": "636945758740157350"
      },
      {
        "nodeType": "body",
        "index": "1",
        "sportTime": "1000",
        "waitTime": "0",
        "idMin": "1",
        "idMinRota": "120",
        "rotas": "1$120;2$120;3$120;4$120;5$120;6$120",
        "show": "1;5"
      }
    ]
  }
}
