{
  "Roots": {
    "Root": [
      {
        "nodeType": "head",
        "name": "Test",
        "showName": "TestAnimation",
        "robotID": "robot_31551e4d-8658-4ae8-9fa0-63b8a13839a2",
        "id": "actions_636971766420645560",
        "icon": "icon_10",
        "createTime": "636971766420654440"
      },
      {
        "nodeType": "body",
        "index": "1",
        "sportTime": "400",
        "waitTime": "0",
        "idMin": "1",
        "idMinRota": "50",
        "rotas": "1$50;2$120;3$120;4$50;5$120;6$120",
        "show": "1;2;4"
      },
      {
        "nodeType": "body",
        "index": "2",
        "sportTime": "400",
        "waitTime": "0",
        "idMin": "1",
        "idMinRota": "70",
        "rotas": "1$70;2$120;3$160;4$70;5$120;6$80",
        "show": "1;3;4;6"
      },
      {
        "nodeType": "body",
        "index": "3",
        "sportTime": "400",
        "waitTime": "0",
        "idMin": "1",
        "idMinRota": "176",
        "rotas": "1$176;2$120;3$154;4$176;5$120;6$86",
        "show": "1;3;4"
      },
      {
        "nodeType": "body",
        "index": "4",
        "sportTime": "400",
        "waitTime": "0",
        "idMin": "1",
        "idMinRota": "170",
        "rotas": "1$170;2$120;3$120;4$170;5$120;6$120",
        "show": "1;3;4;6"
      },
      {
        "nodeType": "body",
        "index": "5",
        "sportTime": "400",
        "waitTime": "0",
        "idMin": "1",
        "idMinRota": "120",
        "rotas": "1$120;2$120;3$120;4$120;5$120;6$120",
        "show": "1;3;4;6"
      },
      {
        "nodeType": "body",
        "index": "6",
        "sportTime": "400",
        "waitTime": "0",
        "idMin": "1",
        "idMinRota": "50",
        "rotas": "1$50;2$120;3$120;4$50;5$120;6$120",
        "show": "1;2;4"
      },
      {
        "nodeType": "body",
        "index": "7",
        "sportTime": "400",
        "waitTime": "0",
        "idMin": "1",
        "idMinRota": "70",
        "rotas": "1$70;2$120;3$160;4$70;5$120;6$80",
        "show": "1;3;4;6"
      },
      {
        "nodeType": "body",
        "index": "8",
        "sportTime": "400",
        "waitTime": "0",
        "idMin": "1",
        "idMinRota": "176",
        "rotas": "1$176;2$120;3$154;4$176;5$120;6$86",
        "show": "1;3;4"
      },
      {
        "nodeType": "body",
        "index": "9",
        "sportTime": "400",
        "waitTime": "0",
        "idMin": "1",
        "idMinRota": "170",
        "rotas": "1$170;2$120;3$120;4$170;5$120;6$120",
        "show": "1;3;4;6"
      },
      {
        "nodeType": "body",
        "index": "10",
        "sportTime": "400",
        "waitTime": "0",
        "idMin": "1",
        "idMinRota": "120",
        "rotas": "1$120;2$120;3$120;4$120;5$120;6$120",
        "show": "1;3;4;6"
      }
    ]
  }
}
